series,adf_p,kpss_p,is_stationary
RSI,1.3335910690456259e-24,0.1,True
MACD_1,4.7544942065600266e-15,0.09410427766401974,True
MACD_2,1.400025043245725e-13,0.09449453049759926,True
Volatility,0.0,0.1,True
